{"cameraMode":{"drawMode":0,"name":"Shaded","section":"Shading Mode"},"sceneLighting":true,"audioPlay":false,"sceneViewState":{"showFog":true,"showMaterialUpdate":false,"showSkybox":true,"showFlares":true,"showImageEffects":false,"showParticleSystems":true},"in2DMode":false,"pivot":{"x":127.28929901123047,"y":43.6123046875,"z":-226.64759826660157},"rotation":{"x":-0.014373863115906716,"y":-0.9798166155815125,"z":0.18437467515468598,"w":-0.0762854516506195},"size":209.77378845214845,"orthographic":false}